{
    "total_runtime": 343.81341314315796,
    "num_documents": 5,
    "input_load_time": 0,
    "workflows": {
        "create_base_text_units": {
            "overall": 0.6888387203216553,
            "0_orderby": 0.01476287841796875,
            "1_zip": 0.0074040889739990234,
            "2_aggregate_override": 0.021456241607666016,
            "3_chunk": 0.5199272632598877,
            "4_select": 0.010149955749511719,
            "5_unroll": 0.01928091049194336,
            "6_rename": 0.007884025573730469,
            "7_genid": 0.017650127410888672,
            "8_unzip": 0.013493061065673828,
            "9_copy": 0.011845111846923828,
            "10_filter": 0.041307926177978516
        },
        "create_base_extracted_entities": {
            "overall": 296.6898078918457,
            "0_entity_extract": 296.4871232509613,
            "1_merge_graphs": 0.19388294219970703
        },
        "create_summarized_entities": {
            "overall": 7.326465845108032,
            "0_summarize_descriptions": 7.300043106079102
        },
        "create_base_entity_graph": {
            "overall": 0.30768585205078125,
            "0_cluster_graph": 0.2668039798736572,
            "1_select": 0.023892879486083984
        },
        "create_final_entities": {
            "overall": 3.1240460872650146,
            "0_unpack_graph": 0.14197707176208496,
            "1_rename": 0.021003007888793945,
            "2_select": 0.022362709045410156,
            "3_dedupe": 0.037303924560546875,
            "4_rename": 0.09175395965576172,
            "5_filter": 0.18046784400939941,
            "6_text_split": 0.045210838317871094,
            "7_drop": 0.035552024841308594,
            "8_merge": 0.239854097366333,
            "9_text_embed": 2.198179006576538,
            "10_drop": 0.019392967224121094,
            "11_filter": 0.06722307205200195
        },
        "create_final_nodes": {
            "overall": 0.7235074043273926,
            "0_layout_graph": 0.14154291152954102,
            "1_unpack_graph": 0.05179190635681152,
            "2_unpack_graph": 0.06719112396240234,
            "3_drop": 0.027270793914794922,
            "4_filter": 0.07885909080505371,
            "5_select": 0.042346954345703125,
            "6_rename": 0.03555011749267578,
            "7_join": 0.05801105499267578,
            "8_convert": 0.15761089324951172,
            "9_rename": 0.041153907775878906
        },
        "create_final_communities": {
            "overall": 0.20417284965515137,
            "0_create_final_communities": 0.1683635711669922
        },
        "create_final_relationships": {
            "overall": 0.1493518352508545,
            "0_create_final_relationships_pre_embedding": 0.06315898895263672,
            "1_create_final_relationships_post_embedding": 0.05694985389709473
        },
        "create_final_text_units": {
            "overall": 0.1539621353149414,
            "0_create_final_text_units_pre_embedding": 0.08362817764282227,
            "1_select": 0.041165828704833984
        },
        "create_final_community_reports": {
            "overall": 29.034047842025757,
            "0_prepare_community_reports_nodes": 0.08417010307312012,
            "1_prepare_community_reports_edges": 0.06319618225097656,
            "2_restore_community_hierarchy": 0.06366705894470215,
            "3_prepare_community_reports": 0.15848016738891602,
            "4_create_community_reports": 28.58184504508972,
            "5_window": 0.04232311248779297
        },
        "create_base_documents": {
            "overall": 0.5693650245666504,
            "0_unroll": 0.040990352630615234,
            "1_select": 0.05188870429992676,
            "2_rename": 0.04116511344909668,
            "3_join": 0.05741286277770996,
            "4_aggregate_override": 0.047863006591796875,
            "5_join": 0.054232120513916016,
            "6_rename": 0.04159212112426758,
            "7_convert": 0.20125699043273926
        },
        "create_final_documents": {
            "overall": 0.08749914169311523,
            "0_rename": 0.04985499382019043
        }
    }
}